{
    "Module": {
        "C1": {
            "Position X": [
                97.796365
            ],
            "Position Y": [
                65.910573
            ],
            "Angle": [
                0.0
            ]
        },
        "C2": {
            "Position X": [
                75.493058
            ],
            "Position Y": [
                63.351767
            ],
            "Angle": [
                0.0
            ]
        },
        "C4": {
            "Position X": [
                67.236071
            ],
            "Position Y": [
                72.505477
            ],
            "Angle": [
                180.0
            ]
        },
        "C5": {
            "Position X": [
                49.984945
            ],
            "Position Y": [
                87.405668
            ],
            "Angle": [
                90.0
            ]
        },
        "C6": {
            "Position X": [
                95.641302
            ],
            "Position Y": [
                61.304818
            ],
            "Angle": [
                90.0
            ]
        },
        "C8": {
            "Position X": [
                96.471852
            ],
            "Position Y": [
                50.608035
            ],
            "Angle": [
                180.0
            ]
        },
        "J1": {
            "Position X": [
                80.655079
            ],
            "Position Y": [
                83.823382
            ],
            "Angle": [
                180.0
            ]
        },
        "J2": {
            "Position X": [
                53.903804
            ],
            "Position Y": [
                70.121828
            ],
            "Angle": [
                -90.0
            ]
        },
        "L1": {
            "Position X": [
                84.642638
            ],
            "Position Y": [
                61.688611
            ],
            "Angle": [
                180.0
            ]
        },
        "R1": {
            "Position X": [
                51.900975
            ],
            "Position Y": [
                81.4671
            ],
            "Angle": [
                90.0
            ]
        },
        "R2": {
            "Position X": [
                94.748486
            ],
            "Position Y": [
                88.479706
            ],
            "Angle": [
                -90.0
            ]
        },
        "R3": {
            "Position X": [
                77.71308
            ],
            "Position Y": [
                50.682673
            ],
            "Angle": [
                90.0
            ]
        },
        "R4": {
            "Position X": [
                61.795064
            ],
            "Position Y": [
                94.90619
            ],
            "Angle": [
                180.0
            ]
        },
        "R5": {
            "Position X": [
                58.328005
            ],
            "Position Y": [
                57.203682
            ],
            "Angle": [
                90.0
            ]
        },
        "R6": {
            "Position X": [
                42.214161
            ],
            "Position Y": [
                80.841755
            ],
            "Angle": [
                180.0
            ]
        },
        "R7": {
            "Position X": [
                62.425138
            ],
            "Position Y": [
                51.048389
            ],
            "Angle": [
                0.0
            ]
        },
        "U1": {
            "Position X": [
                42.432877
            ],
            "Position Y": [
                95.293586
            ],
            "Angle": [
                0.0
            ]
        }
    },
    "Track": {
        "Net": [
            [
                "None"
            ]
        ],
        "Start X": [
            [
                null
            ]
        ],
        "Start Y": [
            [
                null
            ]
        ],
        "End X": [
            [
                null
            ]
        ],
        "End Y": [
            [
                null
            ]
        ],
        "Width": [
            [
                null
            ]
        ],
        "Layer": [
            [
                "None"
            ]
        ]
    },
    "Via": {
        "Net": [
            [
                "None"
            ]
        ],
        "Position X": [
            [
                null
            ]
        ],
        "Position Y": [
            [
                null
            ]
        ],
        "Diameter": [
            [
                null
            ]
        ]
    }
}